id,nombre,descripcion
1,Tempore Hogar,Ad eius dolore qui perspiciatis.
2,Quisquam Electrónica,Nihil adipisci atque doloremque nobis.
3,Ratione Juguetes,Quaerat praesentium in ipsum eius sit.
4,Dolore Deportes,Excepturi culpa vero excepturi at atque sed nobis rem.
5,Officia Deportes,Commodi ullam aspernatur eos occaecati suscipit facere deleniti architecto optio.
6,Illum Ropa,Sequi sint fugit iste rerum.
7,Dolorem Hogar,Explicabo pariatur praesentium placeat architecto odio modi doloribus.
8,Officiis Hogar,Earum unde porro dolor eveniet quisquam animi reprehenderit.
9,Ipsam Belleza,Eaque distinctio velit soluta et omnis id totam.
10,Dicta Electrónica,Consequuntur quia molestiae quia incidunt nesciunt facere.
11,Deserunt Electrónica,Laudantium quidem similique corrupti cum perspiciatis nisi harum nisi iusto.
12,Explicabo Hogar,Similique accusamus quam placeat modi eaque odit beatae ipsa iste.
13,Fuga Deportes,Quis magni autem numquam sapiente magni dicta fugiat cum.
14,Quia Deportes,Nobis laborum beatae facilis.
15,Inventore Electrónica,Animi soluta veniam assumenda laborum architecto quis.
16,Debitis Deportes,Optio veniam cumque minus non vitae.
17,Quis Belleza,Quae id perferendis fuga tempore iste.
18,Expedita Deportes,Aperiam accusantium mollitia nihil ab provident animi.
19,Atque Libros,Similique architecto dolores pariatur distinctio.
20,Delectus Juguetes,Nemo doloribus labore illum atque omnis explicabo illum sint amet.
21,Ullam Electrónica,Aperiam quas reiciendis autem deleniti.
22,Quidem Ropa,Consequuntur delectus iure soluta asperiores repellat sequi atque officiis.
23,Accusantium Belleza,Unde sed cumque laborum distinctio.
24,Natus Alimentos,Cum a hic unde quos.
25,Illo Juguetes,Possimus quas quos optio laborum deleniti dolor animi quasi.
26,Assumenda Ropa,Animi nesciunt magnam sequi culpa vero aspernatur delectus.
27,Saepe Deportes,Perferendis doloremque blanditiis tempora doloribus.
28,Animi Alimentos,Aspernatur omnis natus et ea pariatur et eaque consectetur officia itaque.
29,Aut Hogar,Itaque voluptatum voluptatum asperiores.
30,Error Hogar,Eaque ut sunt sunt fuga culpa rerum provident nostrum.
31,Accusamus Belleza,Error optio vel consequatur blanditiis autem mollitia earum non quaerat.
32,Enim Hogar,Magnam dolorum tenetur amet odio repudiandae aliquid.
33,Iusto Alimentos,Odio ea qui mollitia incidunt ab.
34,Autem Alimentos,Molestias rerum nesciunt corporis consectetur est.
35,Magnam Juguetes,Placeat pariatur explicabo nam soluta voluptate.
36,Dolor Electrónica,Sint voluptate repellat sunt ad qui ex.
37,Neque Libros,Eaque ratione autem sit similique dolore repellendus.
38,Laudantium Hogar,Reprehenderit sit dolore optio id eius architecto.
39,Hic Belleza,Odit id voluptatem modi vel beatae voluptas debitis.
40,Amet Hogar,Nisi exercitationem ratione ipsa voluptates.
41,Cum Juguetes,Tempore deleniti aliquid ipsa maxime rem porro velit.
42,Velit Alimentos,Facilis architecto optio ex et sed.
43,In Deportes,Est illum illo eos consectetur in velit perspiciatis temporibus.
44,Sint Hogar,Error molestias a enim inventore neque omnis iure ipsam distinctio.
45,Pariatur Electrónica,Omnis eligendi optio nulla at veritatis.
46,Ex Deportes,Dolore dicta ad doloribus labore sed asperiores.
47,Nesciunt Juguetes,Nemo quaerat fugit id corporis porro tempora similique suscipit quod dolor.
48,Voluptatem Hogar,Iure nam totam commodi consequatur iure minus nam et quidem.
49,Numquam Deportes,Repellendus tempora incidunt tenetur ipsum culpa similique ipsum quibusdam saepe eius.
50,Quasi Hogar,Occaecati earum aspernatur enim earum eum molestiae consequuntur doloremque.
